Unnamed: 0,year,team,wins
0,1998,147,114
1,1998,111,92
2,1998,141,88
3,1998,110,79
4,1998,139,63
5,1998,114,89
6,1998,145,80
7,1998,118,72
8,1998,142,70
9,1998,116,65
10,1998,140,88
11,1998,108,85
12,1998,136,76
13,1998,133,74
14,1998,144,106
15,1998,121,88
16,1998,143,75
17,1998,120,65
18,1998,146,54
19,1998,117,102
20,1998,112,90
21,1998,138,83
22,1998,113,77
23,1998,158,74
24,1998,134,69
25,1998,135,98
26,1998,137,89
27,1998,119,83
28,1998,115,77
29,1998,109,65
0,2004,147,101
1,2004,111,98
2,2004,110,78
3,2004,139,70
4,2004,141,67
5,2004,142,92
6,2004,145,83
7,2004,114,80
8,2004,116,72
9,2004,118,58
10,2004,108,92
11,2004,133,91
12,2004,140,89
13,2004,136,63
14,2004,144,96
15,2004,143,86
16,2004,146,83
17,2004,121,71
18,2004,120,67
19,2004,138,105
20,2004,117,92
21,2004,112,89
22,2004,113,76
23,2004,134,72
24,2004,158,67
25,2004,119,93
26,2004,137,91
27,2004,135,87
28,2004,115,68
29,2004,109,51
0,2005,147,95
1,2005,111,95
2,2005,141,80
3,2005,110,74
4,2005,139,67
5,2005,145,99
6,2005,114,93
7,2005,142,83
8,2005,116,71
9,2005,118,56
10,2005,108,95
11,2005,133,88
12,2005,140,79
13,2005,136,69
14,2005,144,90
15,2005,143,88
16,2005,121,83
17,2005,146,83
18,2005,120,81
19,2005,138,100
20,2005,117,89
21,2005,158,81
22,2005,112,79
23,2005,113,73
24,2005,134,67
25,2005,135,82
26,2005,109,77
27,2005,137,75
28,2005,119,71
29,2005,115,67
0,2006,147,97
1,2006,141,87
2,2006,111,86
3,2006,110,70
4,2006,139,61
5,2006,142,96
6,2006,116,95
7,2006,145,90
8,2006,114,78
9,2006,118,62
10,2006,133,93
11,2006,108,89
12,2006,140,80
13,2006,136,78
14,2006,121,97
15,2006,143,85
16,2006,144,79
17,2006,146,78
18,2006,120,71
19,2006,138,83
20,2006,117,82
21,2006,113,80
22,2006,158,75
23,2006,134,67
24,2006,112,66
25,2006,135,88
26,2006,119,88
27,2006,137,76
28,2006,109,76
29,2006,115,76
0,2007,111,96
1,2007,147,94
2,2007,141,83
3,2007,110,69
4,2007,139,66
5,2007,114,96
6,2007,116,88
7,2007,142,79
8,2007,145,72
9,2007,118,69
10,2007,108,94
11,2007,136,88
12,2007,133,76
13,2007,140,75
14,2007,143,89
15,2007,121,88
16,2007,144,84
17,2007,120,73
18,2007,146,71
19,2007,112,85
20,2007,158,83
21,2007,138,78
22,2007,117,73
23,2007,113,72
24,2007,134,68
25,2007,109,90
26,2007,115,90
27,2007,135,89
28,2007,119,82
29,2007,137,71
0,2008,139,97
1,2008,111,95
2,2008,147,89
3,2008,141,86
4,2008,110,68
5,2008,145,89
6,2008,142,88
7,2008,114,81
8,2008,118,75
9,2008,116,74
10,2008,108,100
11,2008,140,79
12,2008,133,75
13,2008,136,61
14,2008,143,92
15,2008,121,89
16,2008,146,84
17,2008,144,72
18,2008,120,59
19,2008,112,97
20,2008,158,90
21,2008,117,86
22,2008,138,86
23,2008,113,74
24,2008,134,67
25,2008,119,84
26,2008,109,82
27,2008,115,74
28,2008,137,72
29,2008,135,63
0,2009,147,103
1,2009,111,95
2,2009,139,84
3,2009,141,75
4,2009,110,64
5,2009,142,87
6,2009,116,86
7,2009,145,79
8,2009,114,65
9,2009,118,65
10,2009,108,97
11,2009,140,87
12,2009,136,85
13,2009,133,75
14,2009,143,93
15,2009,146,87
16,2009,144,86
17,2009,121,70
18,2009,120,59
19,2009,138,91
20,2009,112,83
21,2009,158,80
22,2009,113,78
23,2009,117,74
24,2009,134,62
25,2009,119,95
26,2009,115,92
27,2009,137,88
28,2009,135,75
29,2009,109,70
0,2010,139,96
1,2010,147,95
2,2010,111,89
3,2010,141,85
4,2010,110,66
5,2010,142,94
6,2010,145,88
7,2010,116,81
8,2010,114,69
9,2010,118,67
10,2010,140,90
11,2010,133,81
12,2010,108,80
13,2010,136,61
14,2010,143,97
15,2010,144,91
16,2010,146,80
17,2010,121,79
18,2010,120,69
19,2010,113,91
20,2010,138,86
21,2010,158,77
22,2010,117,76
23,2010,112,75
24,2010,134,57
25,2010,137,92
26,2010,135,90
27,2010,115,83
28,2010,119,80
29,2010,109,65
0,2011,147,97
1,2011,139,91
2,2011,111,90
3,2011,141,81
4,2011,110,69
5,2011,116,95
6,2011,114,80
7,2011,145,79
8,2011,118,71
9,2011,142,63
10,2011,140,96
11,2011,108,86
12,2011,133,74
13,2011,136,67
14,2011,143,102
15,2011,144,89
16,2011,120,80
17,2011,121,77
18,2011,146,72
19,2011,158,96
20,2011,138,90
21,2011,113,79
22,2011,134,72
23,2011,112,71
24,2011,117,56
25,2011,109,94
26,2011,137,86
27,2011,119,82
28,2011,115,73
29,2011,135,71
0,2012,147,95
1,2012,110,93
2,2012,139,90
3,2012,141,73
4,2012,111,69
5,2012,116,88
6,2012,145,85
7,2012,118,72
8,2012,114,68
9,2012,142,66
10,2012,133,94
11,2012,140,93
12,2012,108,89
13,2012,136,75
14,2012,120,98
15,2012,144,94
16,2012,143,81
17,2012,121,74
18,2012,146,69
19,2012,113,97
20,2012,138,88
21,2012,158,83
22,2012,134,79
23,2012,112,61
24,2012,117,55
25,2012,137,94
26,2012,119,86
27,2012,109,81
28,2012,135,76
29,2012,115,64
0,2013,111,97
1,2013,139,92
2,2013,147,85
3,2013,110,85
4,2013,141,74
5,2013,116,93
6,2013,114,92
7,2013,118,86
8,2013,142,66
9,2013,145,63
10,2013,133,96
11,2013,140,91
12,2013,108,78
13,2013,136,71
14,2013,117,51
15,2013,144,96
16,2013,120,86
17,2013,121,74
18,2013,143,73
19,2013,146,62
20,2013,138,97
21,2013,134,94
22,2013,113,90
23,2013,158,74
24,2013,112,66
25,2013,119,92
26,2013,109,81
27,2013,137,76
28,2013,135,76
29,2013,115,74
0,2014,110,96
1,2014,147,84
2,2014,141,83
3,2014,139,77
4,2014,111,71
5,2014,116,90
6,2014,118,89
7,2014,114,85
8,2014,145,73
9,2014,142,70
10,2014,108,98
11,2014,133,88
12,2014,136,87
13,2014,117,70
14,2014,140,67
15,2014,120,96
16,2014,121,79
17,2014,144,79
18,2014,146,77
19,2014,143,73
20,2014,138,90
21,2014,134,88
22,2014,158,82
23,2014,113,76
24,2014,112,73
25,2014,119,94
26,2014,137,88
27,2014,135,77
28,2014,115,66
29,2014,109,64
0,2015,141,93
1,2015,147,87
2,2015,110,81
3,2015,139,80
4,2015,111,78
5,2015,118,95
6,2015,142,83
7,2015,114,81
8,2015,145,76
9,2015,116,74
10,2015,140,88
11,2015,117,86
12,2015,108,85
13,2015,136,76
14,2015,133,68
15,2015,121,90
16,2015,120,83
17,2015,146,71
18,2015,144,67
19,2015,143,63
20,2015,138,100
21,2015,134,98
22,2015,112,97
23,2015,158,68
24,2015,113,64
25,2015,119,92
26,2015,137,84
27,2015,109,79
28,2015,135,74
29,2015,115,68
0,2016,111,93
1,2016,141,89
2,2016,110,89
3,2016,147,84
4,2016,139,68
5,2016,114,94
6,2016,116,86
7,2016,118,81
8,2016,145,78
9,2016,142,59
10,2016,140,95
11,2016,136,86
12,2016,117,84
13,2016,108,74
14,2016,133,69
15,2016,120,95
16,2016,121,87
17,2016,146,79
18,2016,143,71
19,2016,144,68
20,2016,112,103
21,2016,138,86
22,2016,134,78
23,2016,158,73
24,2016,113,68
25,2016,119,91
26,2016,137,87
27,2016,115,75
28,2016,109,69
29,2016,135,68
0,2017,111,93
1,2017,147,91
2,2017,139,80
3,2017,141,76
4,2017,110,75
5,2017,114,102
6,2017,142,85
7,2017,118,80
8,2017,145,67
9,2017,116,64
10,2017,117,101
11,2017,108,80
12,2017,136,78
13,2017,140,78
14,2017,133,75
15,2017,120,97
16,2017,146,77
17,2017,144,72
18,2017,121,70
19,2017,143,66
20,2017,112,92
21,2017,158,86
22,2017,138,83
23,2017,134,75
24,2017,113,68
25,2017,119,104
26,2017,109,93
27,2017,115,87
28,2017,135,71
29,2017,137,64
0,2018,111,108
1,2018,147,100
2,2018,139,90
3,2018,141,73
4,2018,110,47
5,2018,114,91
6,2018,142,78
7,2018,116,64
8,2018,145,62
9,2018,118,58
10,2018,117,103
11,2018,133,97
12,2018,136,89
13,2018,108,80
14,2018,140,67
15,2018,144,90
16,2018,120,82
17,2018,143,80
18,2018,121,77
19,2018,146,63
20,2018,158,96
21,2018,112,95
22,2018,138,88
23,2018,134,82
24,2018,113,67
25,2018,119,92
26,2018,115,91
27,2018,109,82
28,2018,137,73
29,2018,135,66
0,2019,147,103
1,2019,139,96
2,2019,111,84
3,2019,141,67
4,2019,110,54
5,2019,142,101
6,2019,114,93
7,2019,145,72
8,2019,118,59
9,2019,116,47
10,2019,117,107
11,2019,133,97
12,2019,140,78
13,2019,108,72
14,2019,136,68
15,2019,144,97
16,2019,120,93
17,2019,121,86
18,2019,143,81
19,2019,146,57
20,2019,138,91
21,2019,158,89
22,2019,112,84
23,2019,113,75
24,2019,134,69
25,2019,119,106
26,2019,109,85
27,2019,137,77
28,2019,115,71
29,2019,135,70
0,2021,139,100
1,2021,111,92
2,2021,147,92
3,2021,141,91
4,2021,110,52
5,2021,145,93
6,2021,114,80
7,2021,116,77
8,2021,118,74
9,2021,142,73
10,2021,117,95
11,2021,136,90
12,2021,133,86
13,2021,108,77
14,2021,140,60
15,2021,144,88
16,2021,143,82
17,2021,121,77
18,2021,146,67
19,2021,120,65
20,2021,158,95
21,2021,138,90
22,2021,113,83
23,2021,112,71
24,2021,134,61
25,2021,137,107
26,2021,119,106
27,2021,135,79
28,2021,115,74
29,2021,109,52
0,2022,147,99
1,2022,141,92
2,2022,139,86
3,2022,110,83
4,2022,111,78
5,2022,114,92
6,2022,145,81
7,2022,142,78
8,2022,116,66
9,2022,118,65
10,2022,117,106
11,2022,136,90
12,2022,108,73
13,2022,140,68
14,2022,133,60
15,2022,144,101
16,2022,121,101
17,2022,143,87
18,2022,146,69
19,2022,120,55
20,2022,138,93
21,2022,158,86
22,2022,112,74
23,2022,134,62
24,2022,113,62
25,2022,119,111
26,2022,135,89
27,2022,137,81
28,2022,109,74
29,2022,115,68
0,2023,110,101
1,2023,139,99
2,2023,141,89
3,2023,147,82
4,2023,111,78
5,2023,142,87
6,2023,116,78
7,2023,114,76
8,2023,145,61
9,2023,118,56
10,2023,117,90
11,2023,140,90
12,2023,136,88
13,2023,108,73
14,2023,133,50
15,2023,144,104
16,2023,143,90
17,2023,146,84
18,2023,121,75
19,2023,120,71
20,2023,158,92
21,2023,112,83
22,2023,113,82
23,2023,134,76
24,2023,138,71
25,2023,119,100
26,2023,109,84
27,2023,135,82
28,2023,137,79
29,2023,115,59
0,2024,147,94
1,2024,110,91
2,2024,111,81
3,2024,139,80
4,2024,141,74
5,2024,114,92
6,2024,118,86
7,2024,116,86
8,2024,142,82
9,2024,145,41
10,2024,117,88
11,2024,136,85
12,2024,140,78
13,2024,133,69
14,2024,108,63
15,2024,143,95
16,2024,144,89
17,2024,121,89
18,2024,120,71
19,2024,146,62
20,2024,158,93
21,2024,138,83
22,2024,112,83
23,2024,113,77
24,2024,134,76
25,2024,119,98
26,2024,135,93
27,2024,109,89
28,2024,137,80
29,2024,115,61
0,2025,141,94
1,2025,147,94
2,2025,111,89
3,2025,139,77
4,2025,110,75
5,2025,114,88
6,2025,116,87
7,2025,118,82
8,2025,142,70
9,2025,145,60
10,2025,136,90
11,2025,117,87
12,2025,140,81
13,2025,133,76
14,2025,108,72
15,2025,143,96
16,2025,121,83
17,2025,146,79
18,2025,144,76
19,2025,120,66
20,2025,158,97
21,2025,112,92
22,2025,113,83
23,2025,138,78
24,2025,134,71
25,2025,119,93
26,2025,135,90
27,2025,137,81
28,2025,109,80
29,2025,115,43
